Date,Temperature (°C),Humidity (%),Occupancy (People),Energy Consumption (kWh),Wind Speed (km/h),Solar Radiation (W/m²),Precipitation (mm)
2023-01-01,16.236203565420873,43.16615826804646,222,179.85376136634162,11.236203565420874,370.271846460542,3.285315958619859
2023-01-02,33.52142919229749,77.67143382943485,174,211.2171949340137,28.52142919229749,772.83339467674,16.29149440462764
2023-01-03,26.959818254342157,74.32103851736383,14,128.46195251603393,21.959818254342157,733.7454493692446,13.303944413924002
2023-01-04,22.959754525911094,31.747468087357788,87,120.3072530955596,17.959754525911098,237.0537943525075,10.461308495382386
2023-01-05,9.680559213273096,24.161678052509927,71,94.01565117909104,4.680559213273096,148.55291061261582,7.176609682470049
2023-01-06,9.67983561008608,26.0466800826456,141,132.6195906812985,4.679835610086079,170.54460096419865,17.544010816262166
2023-01-07,6.742508365045984,21.093309539092985,98,100.42806661875218,1.7425083650459838,112.7552779560848,7.848902148452708
2023-01-08,30.985284373248057,25.6665776453557,246,190.5559884025707,25.985284373248057,166.11007252914987,16.33198878943154
2023-01-09,23.033450352296263,60.98040640498141,51,131.79594497624828,18.033450352296263,578.1047413914498,8.782698171404368
2023-01-10,26.242177333881365,24.27131890761374,98,133.51089454328775,21.242177333881365,149.8320539221603,7.538888588498152
2023-01-11,5.617534828874073,39.13853781762568,113,95.36755555548538,0.6175348288740734,323.28294120563294,9.253595713392128
2023-01-12,34.097295564859834,70.69251865816727,23,148.36689214233957,29.09729556485983,691.4127176786182,6.027557483282841
2023-01-13,29.973279224012654,21.39631614414955,297,199.0389357233284,24.973279224012654,116.2903550150781,14.952187603525022
2023-01-14,11.370173320348284,68.86810895533614,188,170.40063348293612,6.370173320348284,670.127937812255,10.054407801849583
2023-01-15,10.454749016213018,36.911286486404,134,127.90791074416184,5.454749016213018,297.29834234138,4.644253902936346
2023-01-16,10.502135295603017,27.089889657299373,32,85.8933669896811,5.502135295603015,182.71537933515935,17.991491465491368
2023-01-17,14.127267288786133,61.80422992184904,72,153.85387709255866,9.127267288786133,587.7160157549055,7.677824427464229
2023-01-18,20.742692948967136,57.73657080679304,152,159.31470216586413,15.742692948967136,540.2599927459188,10.871057222279772
2023-01-19,17.958350559263472,72.64832081162318,162,182.51189066817489,12.958350559263472,714.2304094689371,18.12944221929094
2023-01-20,13.736874205941255,64.10426262823314,154,171.93696530387624,8.736874205941257,614.5497306627201,12.484759918279842
2023-01-21,23.355586841671386,68.20885582309091,234,185.3159982183148,18.355586841671386,662.436651269394,2.3379608141672814
2023-01-22,9.184815819561257,36.9220743542784,113,121.47029845699738,4.184815819561255,297.4242007999145,18.796642472269504
2023-01-23,13.764339456056543,30.646372626783368,113,121.57652871642254,8.764339456056545,224.207680645806,12.554161061428356
2023-01-24,15.99085529881075,65.0368850984515,48,122.9109091812539,10.99085529881075,625.4303261486008,6.6981122931417225
2023-01-25,18.68209952651108,68.41008435603584,207,189.22300939910917,13.682099526511076,664.7843174870848,2.785441453267745
2023-01-26,28.555278841790408,79.4303085200404,143,183.4970069793682,23.555278841790408,793.3535994004714,15.88050378540592
2023-01-27,10.990213464750791,44.75706061468559,76,112.19926677357968,5.990213464750792,388.83237383799855,12.40145511857027
2023-01-28,20.42703315240835,42.32108514756699,188,166.7334599223473,15.427033152408349,360.4126600549482,10.66922183952643
2023-01-29,22.77243706586128,66.58477764451982,51,140.40327027021678,17.772437065861276,643.4890725193978,17.877851661019154
2023-01-30,6.393512381599932,40.44821241518108,24,78.47542890066916,1.3935123815999315,338.5624781771125,15.771944224490614
2023-01-31,23.22634555704315,75.84543953621389,120,178.334475930668,18.22634555704315,751.5301279224954,3.033497594655024
2023-02-01,10.115723710618743,71.5047651105807,166,166.26913936160383,5.115723710618746,700.8889262901083,6.234441355910965
2023-02-02,6.9515477895583855,45.7396416425011,298,179.60910229571948,1.9515477895583853,400.2958191625128,4.969782796289315
2023-02-03,33.4665661176,65.05226406748984,240,217.69373775872225,28.4665661176,625.6097474540481,14.87892585145354
2023-02-04,33.96896099223678,65.27257244508094,166,193.3221008437162,28.96896099223678,628.1800118592777,0.6706486947155876
2023-02-05,29.251920443493837,26.187432130155955,47,128.66135632280117,24.251920443493837,172.18670818515284,11.39779369742633
2023-02-06,14.13841307520112,74.15317440077399,106,170.72717700111633,9.13841307520112,731.7870346756966,15.24917371481381
2023-02-07,7.930163420191516,50.31514234687143,298,189.7962810294852,2.930163420191516,453.6766607135,17.53531273523499
2023-02-08,25.526990795364707,69.5874479664645,263,206.34660478812825,20.526990795364707,678.5202262754192,6.841634974318149
2023-02-09,18.20457481218804,39.20297606183671,205,169.15761592966584,13.20457481218804,324.03472072142824,16.425146093440258
2023-02-10,8.661147045343364,73.73139370977202,95,129.0626406945791,3.6611470453433648,726.8662599473404,2.2126347391041445
2023-02-11,19.855307303338105,43.35210072404979,19,122.92466873026402,14.855307303338105,372.4411751139142,16.929045834690363
2023-02-12,6.031655633456552,20.6502590888179,14,82.02343183921548,1.031655633456552,107.58635603620884,2.5497732466396483
2023-02-13,32.27961206236346,74.32291858515582,132,202.15677995635957,27.279612062363466,733.7673834934845,7.945745811207345
2023-02-14,12.763399448000508,25.47720060716801,127,117.85983461296308,7.7633994480005075,163.9006737502935,15.945907315591072
2023-02-15,24.87566853061946,39.15881825542489,168,170.77809917533267,19.87566853061946,323.51954631329045,2.998348546975476
2023-02-16,14.351332282682328,77.0037180230483,237,170.81905372731356,9.351332282682328,765.0433769355634,4.585027904652829
2023-02-17,20.60204063533433,77.03642881625336,225,184.64889267450687,15.602040635334324,765.4250028562893,14.445051367861325
2023-02-18,21.40130838029839,54.40627328739717,193,186.74676176988717,16.40130838029839,501.40652168630027,14.400730730921488
2023-02-19,10.545633665765813,57.91023273018796,24,97.73954578257236,5.545633665765811,542.2860485188595,12.822952657705946
2023-02-20,34.08753883293676,46.90673131869919,166,183.01935534474453,29.08753883293676,413.91186538482384,13.878968889342
2023-02-21,28.253984700833435,37.59264630188388,145,168.72151180710833,23.253984700833435,305.2475401886452,10.854488866951923
2023-02-22,33.18496824692568,39.71987272219496,270,224.17748316341425,28.184968246925678,330.0651817589412,5.035981178139055
2023-02-23,31.844820512829465,60.35110736462231,166,183.05692674962916,26.844820512829465,570.7629192539268,6.913919870078389
2023-02-24,22.936999364332557,65.1424717662608,56,110.43714632419469,17.936999364332554,626.662170606376,3.631954336028514
2023-02-25,32.6562270506935,67.4947426235509,182,194.95759299172727,27.656227050693506,654.1053306080939,18.169011226672566
2023-02-26,7.654775061557585,67.37708856767324,139,152.75437518648016,2.6547750615575847,652.7326999561877,11.667835895322408
2023-02-27,10.879485872574357,25.472366182921423,104,119.12650534677816,5.879485872574356,163.84427213408327,8.017028335272798
2023-02-28,6.356818667316142,49.66521828215489,124,137.98499451358185,1.356818667316142,446.094213291807,9.240116072882651
2023-03-01,14.759909922897933,23.453525600998656,252,155.52842122496824,9.759909922897933,140.291132011651,18.945666792236302
2023-03-02,16.660318690684463,52.97173293942413,291,180.7125411744404,11.66031869068446,484.6702176266149,3.067028062321604
2023-03-03,13.140470953216877,46.49183008240262,292,191.7523424741105,8.140470953216877,409.0713509613639,11.724596640335944
2023-03-04,29.86212527455788,73.26225096549798,78,172.15560340871522,24.86212527455788,721.3929279308098,10.11777357768932
2023-03-05,15.70259980080768,41.05490075312472,157,152.0881931819503,10.70259980080768,345.6405087864551,12.229084708692955
2023-03-06,13.428035290621423,27.02402098565635,20,105.6980475005767,8.428035290621423,181.9469114993241,0.3622036764168101
2023-03-07,21.280882494747456,28.57950092317015,263,189.96836469020255,16.280882494747456,200.0941774369851,17.44247817888303
2023-03-08,9.22772674924288,65.69063790304833,47,119.4569483814137,4.22772674924288,633.0574422022306,18.642365649672247
2023-03-09,29.06590942262119,57.09308379897566,143,186.72843088274163,24.06590942262119,532.7526443213827,11.30266367178418
2023-03-10,7.236519310393125,26.067360567367416,209,145.23088522634023,2.236519310393125,170.7858732859532,13.933016477537844
2023-03-11,34.60660809801552,25.046408366899847,32,149.910879696655,29.60660809801552,158.8747642804982,18.449987623545915
2023-03-12,28.167343078899723,62.0581478875472,227,215.5489683493589,23.167343078899723,590.6783920213841,14.144772686267972
2023-03-13,10.961470446025173,24.36578038185161,150,144.4227190953853,5.961470446025173,150.93410445493546,3.050780858285227
2023-03-14,5.165663513708072,69.31160355742136,113,122.39521555709004,0.1656635137080719,675.3020415032494,11.525767203336263
2023-03-15,29.463842853645023,62.374533629389774,219,210.6205735960924,24.463842853645023,594.3695590095474,12.13430092765712
2023-03-16,26.205720315428515,24.880926838513982,120,147.14867036414103,21.205720315428515,156.94414644932982,8.48261342604772
2023-03-17,26.87021504122962,25.090262845111518,113,141.84997163222232,21.87021504122962,159.38639985963434,14.728884712494455
2023-03-18,28.138110400578373,79.19837471007052,180,192.98000494538837,23.138110400578373,790.6477049508228,18.68734029538029
2023-03-19,7.221339552022711,42.45624774536722,142,133.2203581523443,2.2213395520227106,361.9895570292842,18.51137025813553
2023-03-20,15.753971856328178,42.23852882401346,136,147.60973367252308,10.753971856328178,359.44950294682366,9.016787428082642
2023-03-21,8.476071785753891,68.76797403545015,115,139.8402508816172,3.4760717857538914,668.9596970802518,2.264760916815105
2023-03-22,30.893102776267806,76.83491464303152,101,178.24652639835804,25.893102776267806,763.0740041687011,19.69682397924669
2023-03-23,23.698943804826737,79.16006382937226,296,225.8120670361237,18.698943804826737,790.2007446760097,16.777961728918683
2023-03-24,14.926940745579476,65.2026911155365,60,138.63275400768768,9.926940745579476,627.3647296812592,2.493253624065337
2023-03-25,6.906750508580709,42.57557513185495,38,81.60735798659583,1.906750508580709,363.381709871641,18.416837652347446
2023-03-26,14.329469651469866,25.010043001920124,223,158.3103817881856,9.329469651469866,158.45050168906812,17.397927241242567
2023-03-27,14.75549966080241,66.6288149556462,276,196.52496828069584,9.75549966080241,644.0028411492058,10.376761142521442
2023-03-28,26.88818535014192,53.504254984148304,266,217.86154088313447,21.88818535014192,490.8829748150635,11.825508714898586
2023-03-29,24.126724140656396,45.453320554818575,110,140.4776244392938,19.126724140656396,396.9554064728834,7.980054077402605
2023-03-30,31.616382277289794,74.38126310568416,119,201.07473356259575,26.616382277289794,734.4480695663152,1.0952327764406269
2023-03-31,19.16644775485848,26.67184893836908,191,161.10512422318658,14.16644775485848,177.83823761430594,6.703944832918019
2023-04-01,8.58782737814905,49.55750625745155,10,97.62021335197323,3.587827378149051,444.8375730036014,16.057068971960227
2023-04-02,26.39734361668985,20.681218686045145,64,128.32149900308002,21.39734361668985,107.94755133719336,0.0926404600920571
2023-04-03,27.823551458506923,48.11963851964758,158,182.48714572480608,22.823551458506923,428.0624493958884,6.669983433822884
2023-04-04,21.83831592708489,23.37819654091024,146,149.64527062745594,16.83831592708489,139.41229297728614,7.963373871818867
2023-04-05,28.12901539863683,27.129074976084315,211,195.21238772638048,23.12901539863683,183.17254138765037,10.747912058758455
2023-04-06,19.81386789093172,27.05157480662629,126,126.53858070454042,14.81386789093172,182.26837274397343,18.39711232825521
2023-04-07,20.681984881459822,58.95261812696381,163,171.49573712530662,15.681984881459822,554.4472114812445,6.926919887319225
2023-04-08,17.826230550756488,64.7626927559254,72,143.71893096324993,12.826230550756488,622.2314154857963,6.939064037924554
2023-04-09,5.762573802322856,55.00212590582958,253,163.06248661392956,0.7625738023228557,508.3581355680117,14.750024962194969
2023-04-10,8.236742809799134,77.73035290847253,34,111.49200384076408,3.236742809799133,773.5207839321794,9.044358817796144
2023-04-11,5.942875570602028,42.49223477142225,99,109.20229573722813,0.9428755706020276,362.4094056665928,4.492096458799639
2023-04-12,24.092312337913413,37.14272517691164,84,143.70237995796091,19.092312337913413,299.9984603973025,9.048790322653868
2023-04-13,14.4306794322898,72.11594769136761,219,162.51974370045633,9.4306794322898,708.0193897326222,2.817140407595997
2023-04-14,20.257120734941083,33.41575031116716,26,124.67226623609804,15.257120734941084,256.51708696361686,3.527739730124466
2023-04-15,32.22699421778279,77.79335236643668,137,189.6493459418254,27.226994217782792,774.2557776084279,9.967355454789594
2023-04-16,12.478766874466247,20.72926848138898,260,164.6001949632948,7.478766874466248,108.50813228287144,8.378508990090959
2023-04-17,17.31148769106889,78.19272960245834,188,183.7903628512476,12.311487691068892,778.9151786953473,18.296918021362
2023-04-18,27.666534156291466,22.589594717034565,191,168.66981179797065,22.666534156291466,130.21193836540328,7.247877982332662
2023-04-19,11.863944964748674,73.46858682188426,161,157.45179927044953,6.863944964748674,723.8001795886497,11.61176700556087
2023-04-20,7.30939729486379,51.66206654517799,34,80.29742545606155,2.30939729486379,469.3907763604099,12.645285758390608
2023-04-21,13.69254358741304,79.57788776715802,189,181.1952671317358,8.692543587413041,795.0753572835102,0.2618891317666727
2023-04-22,9.836638617620132,24.427793884123933,207,154.78786418052383,4.836638617620133,151.6575953147792,13.270747440334212
2023-04-23,32.890929570277194,53.23125706407925,170,176.38755215320649,27.89092957027719,487.69799908092455,3.5607193373950285
2023-04-24,29.243611386932507,78.15815213714595,186,199.30137007547532,24.243611386932507,778.5117749333692,19.221406349389103
2023-04-25,24.002112695312704,51.38587065020893,294,199.5984669333217,19.002112695312704,466.16849091910416,2.973254555062259
2023-04-26,31.14381770563153,57.76391828811576,72,160.99219134044688,26.14381770563153,540.5790466946837,8.292482474540474
2023-04-27,29.110162306973432,61.74492133907703,159,193.279148630695,24.110162306973432,587.024082289232,1.7069933615728772
2023-04-28,10.597101766581076,47.27246388606639,163,153.60352446876158,5.597101766581075,418.1787453374413,19.937485036918947
2023-04-29,31.776769954699333,57.6534848050438,165,203.09881420618905,26.776769954699333,539.2906560588444,10.043900206624851
2023-04-30,21.18026725746952,55.058858715386016,58,150.39540211955418,16.18026725746952,509.02001834617016,11.907700346400876
2023-05-01,29.22320465492188,74.06948062945935,93,171.15702184001776,24.22320465492188,730.8106073436923,1.3415295477685496
2023-05-02,31.8827389977048,22.726782820487472,186,169.45928311831895,26.8827389977048,131.81246623902052,14.999209407983557
2023-05-03,14.540104249155917,36.85779137553382,157,143.46320118299906,9.540104249155917,296.6742327145612,4.198111861911715
2023-05-04,8.301557735830302,77.02468904459352,127,149.54813501699311,3.3015577358303028,765.2880388535912,17.961085788814273
2023-05-05,11.838054876258251,73.41582703345497,72,119.71142546003544,6.8380548762582505,723.1846487236414,4.102792809640143
2023-05-06,17.813233658787688,47.33940516714277,198,185.2975394356292,12.81323365878769,418.95972694999904,3.813754413273331
2023-05-07,29.540442977674797,57.207955868092206,58,164.06374927699912,24.540442977674797,534.0928184610757,0.7309933569618976
2023-05-08,30.821917497690304,36.64287097886796,266,207.6995988005013,25.821917497690304,294.16682808679286,9.441338902199984
2023-05-09,5.208563915935721,31.28726958342568,233,138.85204331947187,0.2085639159357211,231.6848118066329,11.296822665252328
2023-05-10,20.32241907732697,47.82190429639893,150,152.86457949172697,15.322419077326972,424.5888834579875,1.3141727885670471
2023-05-11,17.52233009446337,41.20113368156317,224,173.58728916770988,12.52233009446337,347.34655961823694,15.510552333900211
2023-05-12,11.663234314121908,55.01936671105233,220,164.54212595646646,6.663234314121907,508.55927829561045,9.065776694960553
2023-05-13,8.595961020010485,24.66407821789909,41,101.32898870179676,3.595961020010484,154.41424587548937,10.4878053865516
2023-05-14,15.12845514210884,78.46368845996999,167,166.15899623117636,10.12845514210884,782.0763653663165,8.815254938764562
2023-05-15,33.287291117375574,79.17264466877617,294,249.4159226752541,28.28729111737557,790.347521135722,8.01526121750652
2023-05-16,14.696087960622656,61.88970284118471,295,198.54777850008892,9.696087960622656,588.7131998138216,11.19280662616436
2023-05-17,20.563718652300985,52.165781980647225,153,165.8070218688963,15.563718652300985,475.26745644088425,3.10480491861425
2023-05-18,26.09056876685533,38.571656977179664,28,127.56640166633666,21.09056876685533,316.6693314004294,3.6385626099054234
2023-05-19,15.90888807137882,68.82770118241692,27,131.4087821464623,10.90888807137882,669.656513794864,17.235712420270346
2023-05-20,34.15346248162882,61.083870353232754,266,235.8742609427748,29.15346248162882,579.3118207877155,18.92230924267265
2023-05-21,33.87341884826334,29.75701636069348,87,163.32463613509483,28.873418848263334,213.83185754142391,7.466186325595059
2023-05-22,12.553468874760924,74.65563106963054,184,173.70989655583216,7.553468874760925,737.6490291456897,5.414893462871076
2023-05-23,19.91745517677156,69.35223457539014,203,175.96733986580767,14.917455176771565,675.7760700462183,12.879990864780314
2023-05-24,14.02634929450309,76.98799479751544,122,156.3791536168537,9.02634929450309,764.8599393043469,8.174683421961928
2023-05-25,13.545214831324028,63.5431705033016,123,158.25403258917422,8.545214831324028,608.0036558718521,0.5077271132068972
2023-05-26,6.106608420635984,56.80491175614739,231,164.82971838954063,1.106608420635984,529.3906371550529,3.123051947323807
2023-05-27,23.286930019396905,45.09458217743713,175,161.31397609949715,18.286930019396905,392.7701254034332,14.319444576947951
2023-05-28,20.080370696865845,75.9637090012408,141,169.94493079786128,15.080370696865844,752.9099383478093,13.178478838203027
2023-05-29,6.544362537499681,71.9638333700245,273,184.7204211434087,1.5443625374996806,706.2447226502859,0.5419198500696698
2023-05-30,13.359393927098344,22.713120206371364,64,99.70135278839928,8.359393927098344,131.6530690743326,4.439443238658988
2023-05-31,32.24797657899961,21.58201846983512,140,153.70425042568326,27.24797657899961,118.4568821480764,4.621495931761428
2023-06-01,12.186856720009173,42.58780201268297,297,181.60663576199457,7.186856720009173,363.5243568146347,13.437854871974569
2023-06-02,9.346846162736693,68.63319984690997,275,178.10196816925136,4.346846162736693,667.387331547283,0.3942107550872831
2023-06-03,19.68358280832689,79.23656775889667,171,180.1425591822024,14.683582808326893,791.0932905204611,2.082171639691477
2023-06-04,34.56951362331802,29.02501346621169,96,146.53748750477902,29.56951362331802,205.2918237724697,15.998321707463788
2023-06-05,12.261658145345011,55.64784292112811,64,127.19424837661565,7.261658145345012,515.8915007464946,3.5708932410866723
2023-06-06,25.16406642217636,42.85345139786129,297,204.5088081903498,20.16406642217636,366.62359964171503,13.054922157037494
2023-06-07,27.848588459861528,78.19486386887618,187,210.85213122097468,22.848588459861528,778.9400784702223,4.76365562093453
2023-06-08,12.12912631977199,70.52713538814251,17,111.85283193565144,7.12912631977199,689.4832461949961,1.9888278551869032
2023-06-09,26.846490458355788,70.29972228266827,256,215.3889515942008,21.846490458355788,686.8300932977965,4.863443819989081
2023-06-10,16.033493981577596,48.12158958769822,264,183.5974339700351,11.033493981577596,428.0852118564792,14.445338637113185
2023-06-11,23.969174917807383,44.88917014025991,63,132.401338004742,18.969174917807383,390.3736516363657,17.113929362125717
2023-06-12,24.00589132282684,36.40442431584238,258,218.3367894263015,19.00589132282684,291.38495035149435,16.604397291339833
2023-06-13,21.07324052224276,23.382529799055625,248,173.27908416394047,16.073240522242756,139.46284765564897,7.943670592369097
2023-06-14,7.7086931016322495,71.8833425753032,238,182.9942727155727,2.708693101632249,705.3056633785372,13.361702731412922
2023-06-15,30.05907486767714,68.77406054780465,76,156.36889054862266,25.05907486767714,669.0307063910543,4.099685908316419
2023-06-16,14.623401949152075,79.98306039716783,60,140.95964800781968,9.623401949152075,799.8023713002914,5.862954605220265
2023-06-17,10.595555311995629,79.79821022443431,106,147.67893737552677,5.595555311995627,797.6457859517337,17.926716370422394
2023-06-18,6.2232542466429175,53.32590233615765,101,119.16768989038336,1.2232542466429177,488.8021939218392,0.2600384702147207
2023-06-19,22.726788295647253,66.13924491083063,273,204.7131518503141,17.726788295647253,638.2911906263573,1.7101706170893616
2023-06-20,25.326930855268472,76.68594379294568,105,167.86361458087015,20.326930855268472,761.3360109176996,4.157725102920546
2023-06-21,5.497634867835685,70.97884344064468,97,121.5517964362625,0.4976348678356845,694.753173474188,0.5306440774763943
2023-06-22,20.36279174897843,34.84088610459186,87,158.26628936860735,15.36279174897843,273.1436712202384,3.6287087017959454
2023-06-23,11.79487325593814,47.03264811860561,297,185.98003967673088,6.794873255938139,415.3808947170655,11.660831219393843
2023-06-24,24.35518371228349,27.7495649090897,129,156.53403766575133,19.35518371228349,190.4115906060465,8.428491011849959
2023-06-25,10.230992870149745,77.24306163552333,174,179.09976746231482,5.230992870149743,767.8357190811057,17.853434221539498
2023-06-26,25.728132143073974,56.3704780670528,191,178.17831663993258,20.728132143073974,524.3222441156161,16.34887123476882
2023-06-27,16.602060389016124,33.71856833020776,232,170.0400072748155,11.602060389016122,260.0499638524239,6.836347033957519
2023-06-28,33.101899662102035,60.30204106435141,16,148.4629585395659,28.101899662102035,570.1904790840997,5.18846866862585
2023-06-29,9.125628324379797,57.08769442747375,272,177.53371940766283,4.1256283243797975,532.689768320527,7.593848163345338
2023-06-30,15.231990531507757,41.48976308197043,170,150.41874293282586,10.231990531507757,350.7139026229884,11.805898850296154
2023-07-01,8.404205637217672,26.81345553197774,160,120.89636818412204,3.404205637217672,179.49031453974033,5.361272816457525
2023-07-02,32.74080854835688,60.29439173556798,94,175.78291581446405,27.740808548356885,570.1012369149597,12.48297815698268
2023-07-03,31.32018060142943,51.2184620542276,156,174.42326445581162,26.32018060142943,464.2153906326553,8.188233043824809
2023-07-04,12.73824883145467,66.33910350413836,121,154.8348767880687,7.738248831454668,640.6228742149475,11.040943617039606
2023-07-05,24.79952138102537,51.209810066719605,45,144.9370458619566,19.79952138102537,464.1144507783954,8.722530582706334
2023-07-06,29.516666006036477,71.1308900191124,294,227.86414885798897,24.516666006036477,696.5270502229781,5.889315190838353
2023-07-07,21.65602434798387,53.114410326469134,197,174.5194206454637,16.65602434798387,486.3347871421399,18.96906613924313
2023-07-08,20.889517350680197,53.656278292123176,91,148.6622794709045,15.889517350680194,492.6565800747704,15.272115883195216
2023-07-09,12.25556872701355,72.5992161595007,11,106.12529237771564,7.25556872701355,713.6575218608415,2.802263515329051
2023-07-10,7.793083034176976,44.20897197274383,206,167.61045329607455,2.793083034176976,382.4380063486779,17.369359517958255
2023-07-11,31.916472738599804,28.04091370703844,20,137.43265961763652,26.916472738599804,193.81065991544853,9.748623964990273
2023-07-12,32.01254171489991,21.726960578800337,243,201.7211952330368,27.012541714899918,120.14787341933727,17.89104453788183
2023-07-13,23.99304371819804,65.30823534041714,204,198.6546559101775,18.99304371819804,628.5960789715333,15.997105118946305
2023-07-14,15.17089373146102,57.21857308120788,128,141.55644126282527,10.17089373146102,534.2166859474253,8.504270089384669
2023-07-15,15.476287238379827,62.244786085953415,29,131.6650673375841,10.476287238379827,592.8558376694565,0.4493861664023479
2023-07-16,26.778670366107185,32.777849690534644,270,202.0915992396363,21.778670366107185,249.0749130562375,5.373547187698922
2023-07-17,31.913307798577318,28.182288535206187,265,216.91921457474604,26.913307798577318,195.46003291073885,10.83268429321734
2023-07-18,31.61259272795352,20.87267994007292,231,190.98199416026017,26.61259272795352,110.18126596751736,12.669564396522944
2023-07-19,28.396266375728715,41.03525352839582,235,210.9829417829672,23.396266375728715,345.41129116461786,5.157753708664046
2023-07-20,24.26094938462863,55.395061211277984,62,148.83286564514415,19.26094938462863,512.9423807982432,2.787121481456482
2023-07-21,7.524198949851465,43.53464270598394,289,195.34078949446575,2.524198949851465,374.57083156981264,16.69860473598598
2023-07-22,9.848861422838413,46.24849532142375,90,116.1267543381664,4.848861422838413,406.2324454166104,19.68804361407104
2023-07-23,31.956625655812378,74.2495216696249,211,216.3835061073447,26.956625655812378,732.9110861456239,10.513803646053717
2023-07-24,23.1928717897877,40.89532802139802,167,156.61764512157282,18.1928717897877,343.7788269163102,3.43358571696607
2023-07-25,5.27591154849889,50.83936934958865,129,119.3785253963299,0.2759115484988894,459.7926424118676,5.446146530387379
2023-07-26,8.044146285980963,67.01918076446859,68,126.18474843267528,3.044146285980963,648.5571089188002,0.3678135309493346
2023-07-27,24.905053073241675,43.79256693927621,224,200.1996339915165,19.905053073241675,377.5799476248891,18.28597613120998
2023-07-28,5.15184751538656,57.32520201367241,137,159.71639955481655,0.1518475153865606,535.4606901595114,2.3550216578028227
2023-07-29,9.82424154252496,71.74182252480472,233,174.45310528122008,4.82424154252496,703.6545961227216,11.530329510285071
2023-07-30,21.462013680997583,76.97123741945853,218,187.4775119952685,16.462013680997583,764.6644365603495,5.48110441374412
2023-07-31,25.7568559307808,28.82440885574228,124,160.65917389320515,20.7568559307808,202.95143665032657,11.083560050315867
2023-08-01,24.558837785078016,75.59525750968967,218,191.0370321199878,19.558837785078016,748.6113376130461,13.028407767037285
2023-08-02,11.728079283816792,49.52697758477229,23,110.7624212402871,6.728079283816793,444.4814051556767,16.594836074144034
2023-08-03,26.365376640426074,35.4946632979375,18,120.85552776787968,21.365376640426074,280.77107180927084,4.128425435212064
2023-08-04,12.117472624904002,47.54814537429568,49,114.82496764075978,7.117472624904002,421.3950293667829,0.2199165731696095
2023-08-05,14.76199094477803,78.80195451712862,246,203.63542016976703,9.76199094477803,786.022802699834,2.737712601376145
2023-08-06,27.39474215354073,49.55708563957218,290,215.4606928360606,22.39474215354073,444.8326657950087,18.0003728369621
2023-08-07,24.48898697141644,39.72509661725049,210,191.16931309474435,19.48898697141644,330.1261272012557,17.477801551250305
2023-08-08,30.47670231482534,58.004051259003546,255,225.18701574534396,25.47670231482534,543.380598021708,11.948262043406164
2023-08-09,24.7283867690103,34.408737126691584,287,184.11782681827543,19.7283867690103,268.10193314473514,12.010337208673068
2023-08-10,22.049258100064147,24.55179968651984,244,170.5584085830325,17.049258100064147,153.10432967606474,13.30073349092511
2023-08-11,7.810243034842774,27.732783314638954,13,67.76880911305031,2.8102430348427743,190.21580533745447,3.507425572468992
2023-08-12,16.031474091783004,27.682750337466345,163,164.82169437760052,11.031474091783004,189.6320872704407,18.2882389184992
2023-08-13,12.956071030451763,29.11416161073766,38,100.8153036118991,7.9560710304517634,206.33188545860605,8.375410497841463
2023-08-14,12.319689301372508,28.329630358964607,118,142.01248591189375,7.319689301372508,197.1790208545871,7.662770564989949
2023-08-15,34.190316642573364,58.45248468819288,107,163.37735282382334,29.190316642573368,548.6123213622502,10.37835410565675
2023-08-16,16.792931740002814,30.91280506394869,224,160.51458176649473,11.792931740002812,227.31605907940136,0.9393193355011008
2023-08-17,31.7613966553134,40.740036999431794,84,167.0977942280024,26.7613966553134,341.9670983267042,3.325667375121588
2023-08-18,23.934158779917887,73.80730459436072,155,183.06471590128297,18.934158779917887,727.7518869342083,14.76067232852741
2023-08-19,28.844339106249453,48.437698415772346,137,178.33612634851966,23.844339106249453,431.77314818401067,1.6559733585025294
2023-08-20,20.079112793155765,60.05346431126163,51,122.94687540400976,15.079112793155764,567.290416964719,12.063042189327764
2023-08-21,22.307116538790773,30.33919227209779,50,138.55186414241973,17.307116538790773,220.6239098411409,4.906982193626419
2023-08-22,19.77553081456592,31.537341128520247,43,125.98989315096485,14.775530814565917,234.60231316606956,7.785912280839531
2023-08-23,10.857289633941337,22.45211697598873,26,94.75689281079175,5.857289633941335,128.6080313865352,5.773874735413997
2023-08-24,26.67356345784516,30.136103784329872,174,163.75907599703717,21.67356345784516,218.2545441505152,7.113454329298983
2023-08-25,13.423170873225674,36.71542034191752,162,147.04205319346957,8.423170873225674,295.013237322371,14.380918103684907
2023-08-26,5.729478992943616,30.62062905660481,85,99.35437272425472,0.7294789929436152,223.9073389937228,5.942434312463501
2023-08-27,24.36416887721504,25.322152025423332,96,123.6845016667641,19.36416887721504,162.09177362993893,11.328092805937944
2023-08-28,10.313320382211469,27.23815226603605,126,121.54148838022608,5.313320382211469,184.44510977042057,9.521008043981992
2023-08-29,33.21375753058743,47.64672608196355,36,149.48357411993138,28.21375753058743,422.545137622908,13.273423307252962
2023-08-30,33.617857310077625,32.38002310434755,296,232.84974127108023,28.61785731007762,244.43360288405475,18.73659478649516
2023-08-31,32.44593170661346,41.85619166288453,143,156.37569482152716,27.445931706613457,354.9889027336528,14.651441944205006
2023-09-01,16.10476100766333,50.20503625129142,228,178.06403842951937,11.104761007663331,452.3920895983998,4.298807571815136
2023-09-02,5.463698495866023,61.42368971776192,177,133.18356136955583,0.4636984958660228,583.2763800405558,0.6236627012256934
2023-09-03,32.84955687763176,22.35872839046593,107,162.17071137245196,27.849556877631763,127.51849788876925,5.245280885996502
2023-09-04,17.84552444951943,67.96462393454256,277,206.5161614220832,12.84552444951943,659.5872792363299,11.901558614005095
2023-09-05,33.999644571310085,57.67402336945447,246,219.76785305604545,28.999644571310085,539.5302726436355,1.028516269685007
2023-09-06,33.90859931267758,24.905541916932314,182,192.94290083193212,28.908599312677584,157.23132236421034,9.927324944024727
2023-09-07,30.5902836640208,72.41471744640663,199,194.6302654602479,25.5902836640208,711.5050368747441,11.936856978337785
2023-09-08,13.833466762087571,75.25234403190879,131,165.67031004294654,8.833466762087571,744.6106803722693,6.684877816339217
2023-09-09,16.552931858057757,23.664677591291824,55,104.35741384982002,11.552931858057756,142.75457189840463,15.41824407491644
2023-09-10,30.534100145505708,36.61265888883222,73,135.71554323052857,25.534100145505708,293.81435370304257,2.131965062675436
2023-09-11,14.50766015468833,68.37207678758368,139,152.1773989981704,9.50766015468833,664.3408958551429,1.5027556347161752
2023-09-12,10.084782400582776,64.89558142301951,202,142.26578028587542,5.084782400582775,623.7817832685608,14.563775124072066
2023-09-13,21.704037873750504,31.07126116138264,190,168.48544525065435,16.704037873750504,229.16471354946407,9.90982632412397
2023-09-14,33.08464322482343,32.56095940020262,291,217.1572617239459,28.08464322482343,246.5445263356972,13.76804792855472
2023-09-15,25.88089390024919,42.22832616748292,38,146.6128200980002,20.88089390024919,359.3304719539674,8.696546772074925
2023-09-16,22.101835102680948,49.07137911146128,158,172.6286018661625,17.101835102680948,439.1660896337149,4.928040664782136
2023-09-17,7.915294813123056,57.09528629181776,276,163.25826940027488,2.9152948131230563,532.7783400712071,16.382046353483993
2023-09-18,23.45021680097509,42.134818374186345,20,115.58396787786452,18.45021680097509,358.2395476988407,15.988317579379585
2023-09-19,34.7016155031279,47.75208296798887,173,200.38591669559236,29.701615503127897,423.7743012932035,13.893929417088536
2023-09-20,9.20252045709572,64.8482562880254,122,145.8999591580545,4.202520457095721,623.2296566936295,5.4429027445992535
2023-09-21,20.5498895709121,22.200992173435875,196,173.22528437741093,15.549889570912102,125.67824202341852,11.804613337381742
2023-09-22,31.321192157838663,35.146216660641244,241,214.66058549905145,26.321192157838663,276.7058610408145,7.219477938800535
2023-09-23,27.223058532626133,62.800975153073146,236,205.75137853930977,22.223058532626133,599.3447101191866,1.831641466532683
2023-09-24,25.91047222985804,73.71241026123195,107,174.40370581284375,20.91047222985804,726.6447863810396,18.346271509244858
2023-09-25,26.07452251961328,50.70064652693996,64,159.6867533421345,21.07452251961328,458.1742094809663,2.736372618379228
2023-09-26,15.784734536592657,51.92680911591894,120,140.4997890117853,10.784734536592657,472.4794396857209,19.00474707641605
2023-09-27,13.8077553279348,26.430320680386565,161,142.9279328654641,8.807755327934801,175.02040793784323,8.920115459159115
2023-09-28,29.28083466435541,46.84474200940728,255,205.21523253661795,24.28083466435541,413.1886567764183,3.702658576772393
2023-09-29,29.30340184037542,51.95703598730139,78,152.47584052974727,24.30340184037542,472.8320865185162,10.838018947567162
2023-09-30,31.012169557403112,34.54823021808378,298,219.18230540670612,26.012169557403112,269.7293525443108,17.458916717528165
2023-10-01,32.397216576694134,36.15459385696286,259,203.6962955684738,27.397216576694134,288.4702616645667,14.644497728191224
2023-10-02,20.340271965828133,42.63704978627736,45,124.18990909709748,15.340271965828132,364.0989141732359,16.131222957228996
2023-10-03,20.045488840615988,21.204271866663586,248,164.74356496924244,15.045488840615988,114.04983844440846,13.175667334214348
2023-10-04,28.94885536900325,39.3247499349907,157,172.76014183367806,23.94885536900325,325.45541590822484,13.84553129035705
2023-10-05,24.498917923332957,32.68688041979268,236,190.6251789927209,19.498917923332957,248.01360489758125,16.983913031306386
2023-10-06,26.0590063177311,39.64984113067488,253,191.95529783873167,21.0590063177311,329.2481465245403,4.993360177183719
2023-10-07,28.87378008308303,27.185727909155077,210,184.43334164605272,23.87378008308303,183.83349227347583,9.78849927286281
2023-10-08,31.70016025452699,73.4316368443937,163,200.40956486746347,26.70016025452699,723.3690965179264,4.4241888363920445
2023-10-09,15.139854705546076,55.61554721324292,82,137.21283193592694,10.139854705546076,515.5147174878341,19.75336015993294
2023-10-10,16.26748857919832,60.74613914866938,210,174.5722483196792,11.26748857919832,575.3716234011426,18.881186793732265
2023-10-11,7.81945819522607,67.3502743164403,26,117.97271696735037,2.81945819522607,652.4198670251368,0.788536227370118
2023-10-12,22.34840422988522,49.90653193574344,138,140.04088581312297,17.34840422988522,448.9095392503401,14.11150345031377
2023-10-13,6.078268213902263,25.215217285245423,226,171.94167354210498,1.0782682139022626,160.8442016611966,18.50496634831332
2023-10-14,18.967940543973803,52.22639250911287,70,126.33773970212889,13.967940543973803,475.9745792729834,3.611506902546671
2023-10-15,21.2793390412273,55.21046708125274,113,158.09781185662175,16.2793390412273,510.7887826146154,11.358904611052589
2023-10-16,13.596237563848533,64.7263684510598,51,115.47098025116848,8.596237563848533,621.807631929031,18.30976595176084
2023-10-17,22.724997817070324,45.89957277378076,34,135.04246361612402,17.724997817070324,402.1616823607756,0.6789195717159768
2023-10-18,5.915007498171483,27.654818167733826,48,92.82311560615916,0.9150074981714827,189.30621195689463,13.948405344936798
2023-10-19,6.120445662476433,37.026554347923465,140,116.2470331254637,1.1204456624764323,298.6431340591071,5.946980147451015
2023-10-20,29.678016819789747,41.78493778391811,238,212.37937598564167,24.678016819789747,354.1576074790446,18.487923907530607
2023-10-21,15.805719242337886,58.75503447989608,117,144.4493469286046,10.805719242337886,552.1420689321209,19.42116490330736
2023-10-22,8.811815379556544,54.24669828013472,181,154.51913927975048,3.811815379556544,499.54481326823833,18.88532978226868
2023-10-23,20.66729780164413,41.36580355387078,111,136.14589932826328,15.667297801644132,349.2677081284924,9.484284333149276
2023-10-24,28.099806592958323,79.19091492757877,21,151.78619429399023,23.099806592958323,790.5606741550857,17.240853019786268
2023-10-25,11.474630824905296,56.34648916141323,284,206.35657890233824,6.474630824905296,524.0423735498209,16.890987970701406
2023-10-26,23.686714274570008,34.233607504159664,110,157.11988759236115,18.686714274570008,266.05875421519613,6.382009464865113
2023-10-27,7.56042394981304,26.106948357224223,53,97.15052963274871,2.56042394981304,171.2477308342826,16.57830948301355
2023-10-28,6.550451635058231,29.17154835105992,26,80.99746916954847,1.550451635058231,207.0013974290324,0.7401526943098524
2023-10-29,20.94063894704444,34.757463703070485,66,129.73499510437424,15.94063894704444,272.1704098691557,11.92539756964106
2023-10-30,21.219053648303195,29.640882395573342,21,115.53420839611688,16.219053648303195,212.47696128168897,4.6001767457540605
2023-10-31,24.1228970449462,31.194021443078345,89,145.03508916062904,19.1228970449462,230.59691683591404,2.411337715545576
2023-11-01,26.782740011679845,37.10571012163082,225,178.85173000239843,21.782740011679845,299.566618085693,1.5390640325841831
2023-11-02,34.27556238387604,30.40241571768529,273,222.3364122360184,29.27556238387604,221.3615167063284,13.925775517562794
2023-11-03,20.48901044903586,73.8059254775855,158,164.38505265391794,15.48901044903586,727.7357972384976,6.797499275361323
2023-11-04,14.68869418823738,24.81402473969853,90,135.09565926914274,9.68869418823738,156.16362196314955,14.49533543057523
2023-11-05,28.85558584306111,51.47068337421528,224,192.9302301490611,23.85558584306111,467.1579726991783,1.3071268159788474
2023-11-06,13.124967537862226,44.62380961937969,207,163.62812308217605,8.124967537862226,387.2777788927631,6.305806756612206
2023-11-07,18.169142621169083,78.94271701451638,209,198.56106948237652,13.169142621169083,787.6650318360245,10.789825847506744
2023-11-08,7.353691440267979,26.72233413008314,34,85.74474951093303,2.353691440267979,178.42723151763664,15.814463296779271
2023-11-09,5.760522302463725,43.871335942744494,98,116.2627127672983,0.7605223024637253,378.4989193320192,6.375050058641398
2023-11-10,33.87945244033775,78.16822599652212,277,254.29483337083707,28.87945244033775,778.6293032927582,12.51782752874018
2023-11-11,30.07940361536617,71.93042755363882,152,197.3680508864844,25.07940361536617,705.8549881257862,17.71955496472374
2023-11-12,25.87922618281094,69.02432425695679,68,160.2261207908438,20.87922618281094,671.950449664496,12.31726376364609
2023-11-13,17.268588332428095,35.474169622696394,35,95.92640752799976,12.268588332428097,280.53197893145784,4.659189495072676
2023-11-14,10.198829602125372,30.25325524340395,56,92.98706429855048,5.1988296021253735,219.62131117304608,0.4880156311307604
2023-11-15,9.69311128013258,60.11859319546586,297,199.0147204344982,4.693111280132581,568.0502539471017,17.401977478018598
2023-11-16,12.50728694493786,75.76255934765516,275,201.09535661711712,7.50728694493786,750.5631923893101,0.4253882170077427
2023-11-17,21.47679994118361,53.405773580835785,25,134.3711494106359,16.476799941183614,489.73402510975086,17.49403345368399
2023-11-18,26.43787768100187,54.29676136819399,208,198.7781053682497,21.43787768100187,500.1288826289299,10.57874268054424
2023-11-19,24.80592130153194,36.79874561961705,291,218.20878069662612,19.80592130153194,295.9853655621989,18.781353970257925
2023-11-20,13.398016908378285,66.16957599151621,95,135.76682256296343,8.398016908378285,638.6450532343558,15.975664715473307
2023-11-21,33.64595841989582,31.2226249134514,259,211.80822888441037,28.645958419895823,230.93062399026635,19.95868221066675
2023-11-22,27.13690750087305,39.42075418425462,279,197.3974487625826,22.13690750087305,326.57546548297057,7.014236309034203
2023-11-23,21.63062157534202,45.526186316985005,126,141.04411047481278,16.63062157534202,397.8055070314917,15.343765778622538
2023-11-24,23.351622387030567,50.456622721067305,16,110.2941489787142,18.351622387030567,455.3272650791185,8.038618272184843
2023-11-25,17.588001872833697,34.544583944904815,146,137.39666072812133,12.588001872833695,269.68681269055617,9.597512406078176
2023-11-26,12.431929685034724,26.89020948435221,185,159.33458226714197,7.431929685034724,180.3857773174425,12.550109264367402
2023-11-27,15.679180359537847,56.63720254649795,224,161.34969131416426,10.679180359537847,527.4340297091428,17.473542283726776
2023-11-28,27.735383313931077,37.31783319441534,91,148.39432336929784,22.735383313931077,302.04138726817905,19.681669383985906
2023-11-29,5.431804658892676,54.874293285356735,232,144.96930272400212,0.431804658892676,506.8667549958286,15.365468277290365
2023-11-30,8.482179215207488,29.26176291645214,112,109.18550025860743,3.482179215207487,208.05390069194164,8.355335643346676
2023-12-01,6.380079260652583,48.86840611128905,282,173.49129950046986,1.3800792606525825,436.7980712983722,8.427140045541403
2023-12-02,6.221864069569104,51.95536595309515,23,88.3202523836357,1.221864069569104,472.8126027861101,14.75164603177783
2023-12-03,30.663817520330216,23.109412209345614,168,184.17898979549784,25.663817520330216,136.27647577569883,4.775542915366047
2023-12-04,26.109735781400712,40.196256691635234,161,185.95738111711472,21.109735781400712,335.62299473574444,2.209482262627893
2023-12-05,19.225214872619755,28.064880616338456,117,115.09191277284935,14.225214872619755,194.090273857282,7.09244315281553
2023-12-06,7.935024819530044,23.802498228366066,197,130.04137544973187,2.935024819530044,144.36247933093742,5.744779833081635
2023-12-07,19.74847625350497,79.39761394339672,107,161.8871807014325,14.74847625350497,792.9721626729616,5.926162409119802
2023-12-08,19.20415312341697,39.34123069848338,140,161.34009185622946,14.20415312341697,325.6476914823061,4.672155020998199
2023-12-09,10.196056097300456,68.5924667512781,180,154.14590281870733,5.196056097300455,666.9121120982444,0.8418637927272377
2023-12-10,18.01554947713919,35.27843928582583,192,161.0709646447332,13.01554947713919,278.24845833463473,0.3574786946682762
2023-12-11,16.955142031921206,60.89016333343576,48,117.1879234800408,11.955142031921204,577.0519055567505,19.75444779472063
2023-12-12,23.475502941566493,65.61367159338118,24,121.62988315720013,18.475502941566493,632.1595019227806,8.555462674717248
2023-12-13,24.052809526029318,55.738324436470656,13,144.3286281661233,19.052809526029318,516.947118425491,7.686532943193633
2023-12-14,6.359120293161336,48.2945713130095,219,134.32482750389806,1.3591202931613355,430.10333198511086,13.592945653861396
2023-12-15,16.238378438794136,44.71045484883611,170,179.118174386222,11.238378438794136,388.288639903088,4.365077757301283
2023-12-16,23.77579747142709,40.93209599257972,25,132.7691569329615,18.77579747142709,344.2077865800967,18.99922367900451
2023-12-17,20.094087757402637,75.77174865486955,117,169.9737805974076,15.094087757402631,750.6704009734781,15.72690028831104
2023-12-18,30.694695235649668,69.83716446726375,236,222.86265937987557,25.694695235649668,681.4335854514104,1.7882200462451905
2023-12-19,24.76080894856835,77.90161463999075,179,189.64556833712243,19.76080894856835,775.5188374665588,8.351615515698567
2023-12-20,9.88803281244289,27.45783340913268,43,100.32582762646082,4.888032812442891,187.00805643988133,17.582366151243292
2023-12-21,7.117062422012896,63.85204851221866,260,172.27118222229038,2.1170624220128955,611.607232642551,18.894640445828205
2023-12-22,24.27257834618947,76.30042740926227,256,219.02610316141485,19.27257834618947,756.8383197747265,9.348030224997396
2023-12-23,5.795339316248654,30.87398396993961,278,160.09080534837994,0.7953393162486544,226.86314631596213,12.268227784214154
2023-12-24,22.5732674382039,23.98977604200665,150,142.63794106639378,17.5732674382039,146.54738715674426,3.3406789218415045
2023-12-25,33.20690724274873,64.46723895740354,283,224.8417078015817,28.206907242748727,618.7844545030414,19.823372522739533
2023-12-26,22.26422533627637,54.46838679079471,105,143.41992031502505,17.26422533627637,502.1311792259384,4.633434027668868
2023-12-27,16.645097786195656,70.50972660549633,236,199.05406619448257,11.645097786195658,689.2801437307904,18.854635482702516
2023-12-28,24.298646553270597,28.386342597577368,48,121.01599828073888,19.298646553270597,197.84066363840265,12.99293297984737
2023-12-29,18.7475867147455,67.71603871159341,38,113.63216117443908,13.747586714745498,656.6871183019231,12.154735897577185
2023-12-30,21.36850367947805,32.09763920286467,254,188.9542136188765,16.36850367947805,241.1391240334212,10.253770220330171
2023-12-31,33.24394426329576,29.819356571942272,245,220.04274243845845,28.24394426329576,214.55916000599316,4.613396234355173
